{
  "scrapedAt": "2025-09-18T12:09:35.952Z",
  "count": 8,
  "cars": [
    {
      "brand": "Hyundai",
      "model": "Sonata",
      "year": "2020",
      "mileage": "45000 km",
      "price": "25,000,000원",
      "photo": "https://via.placeholder.com/300x200/4cc9f0/ffffff?text=Hyundai+Sonata",
      "link": "https://www.encar.com/dc/dc_carsearchlist.do?carType=kor"
    },
    {
      "brand": "Kia",
      "model": "Sorento",
      "year": "2019",
      "mileage": "62000 km",
      "price": "28,500,000원",
      "photo": "https://via.placeholder.com/300x200/f72585/ffffff?text=Kia+Sorento",
      "link": "https://www.encar.com/dc/dc_carsearchlist.do?carType=kor"
    },
    {
      "brand": "Genesis",
      "model": "G90",
      "year": "2021",
      "mileage": "32000 km",
      "price": "45,000,000원",
      "photo": "https://via.placeholder.com/300x200/4361ee/ffffff?text=Genesis+G90",
      "link": "https://www.encar.com/dc/dc_carsearchlist.do?carType=kor"
    },
    {
      "brand": "Hyundai",
      "model": "Tucson",
      "year": "2020",
      "mileage": "38000 km",
      "price": "22,000,000원",
      "photo": "https://via.placeholder.com/300x200/4cc9f0/ffffff?text=Hyundai+Tucson",
      "link": "https://www.encar.com/dc/dc_carsearchlist.do?carType=kor"
    },
    {
      "brand": "Kia",
      "model": "Sportage",
      "year": "2018",
      "mileage": "75000 km",
      "price": "18,500,000원",
      "photo": "https://via.placeholder.com/300x200/f72585/ffffff?text=Kia+Sportage",
      "link": "https://www.encar.com/dc/dc_carsearchlist.do?carType=kor"
    },
    {
      "brand": "Genesis",
      "model": "GV80",
      "year": "2022",
      "mileage": "15000 km",
      "price": "52,000,000원",
      "photo": "https://via.placeholder.com/300x200/4361ee/ffffff?text=Genesis+GV80",
      "link": "https://www.encar.com/dc/dc_carsearchlist.do?carType=kor"
    },
    {
      "brand": "Hyundai",
      "model": "Elantra",
      "year": "2019",
      "mileage": "55000 km",
      "price": "16,800,000원",
      "photo": "https://via.placeholder.com/300x200/4cc9f0/ffffff?text=Hyundai+Elantra",
      "link": "https://www.encar.com/dc/dc_carsearchlist.do?carType=kor"
    },
    {
      "brand": "Kia",
      "model": "K5",
      "year": "2021",
      "mileage": "28000 km",
      "price": "24,200,000원",
      "photo": "https://via.placeholder.com/300x200/f72585/ffffff?text=Kia+K5",
      "link": "https://www.encar.com/dc/dc_carsearchlist.do?carType=kor"
    }
  ]
}